index,user_id
0,4cbecbc15af3db041a8e0f594c642bb5
1,dfd3df2c0d0c65978875d58a2a346f1f
10,1d4cfe50e5d3250972b8721bf8ff9fbc
11,b0186e605b96ff83d4feb9cb4999d03e
12,b81217edb14cbff40258afdfaab7a8ac
13,806483fde2745285a7e37e3f46396baf
14,723a2a35783fadad2a4f2e00c5e639d7
15,ace565772ed1f3ce591d5b6e0f336aef
16,43902299629506119f5a5bc1cb6bc195
17,aa2ecf7bd8b6834301f54881683bbef0
18,0fa3508ef4ccd655bcf47c12740b7187
19,d0d8188f233366ab4980ee9456bc3f79
2,c987231e16b4f468aef811516652a3b0
20,34acef4524ac96e0660bce8e9e7af88b
21,7dfc7b6dc84c9aca9f10107ef6ce9d31
22,d256673f7072998e2f176d245c7f1f60
23,d16f31d90cf1dfda3f09cea8e6fbc105
24,b06579a78434e24b1bcda45285dc8069
25,04795476e73eae6d0cc85a38a44326f0
26,d2892a74103b3dfe94b7121380963919
27,8f1cb6a77b8748cccb0869d3d779ec7c
28,545670347cee2545587831be12536d93
29,91d3b0be8a89c35b536dec1cad7b21f3
3,1f7b5b16ac0131e4b54511a2ecf32aaa
30,aeada51312c0f5625c52b549a13c92c8
31,a2d6dd1685e5aa0a72c9410f8f55e056
32,81c93420876eac8c92478944d63ea4b0
33,a7eb85b520d7e4c528ad01030278a2ae
34,7670dd1b596d93e95ebda08d99721f74
35,ebc6393c0eb2db5ab9ac45403bd5d9ed
36,bbd018e674d51596e46b6b132e05b499
37,bd3bb20d14364ac6ba5a63266d7747fa
38,9789ceae0435130c2ce57da0eaad21e3
39,276c569dfeda0525ea7acd42ac113169
4,d946a9aaa488924227a587c91564a484
40,4c7838b380d007a7dc162d55717366f4
41,a9ae5cae2ff4db4877d08c7d001c1f3e
42,c7a493d6cbfb8e219ea98110cc43096a
43,6c88981c6a94dc3c4d23cbde514efaaf
44,25546dc24e232458b36f0942bf1dad3f
45,28c44efc066600c9e31680c4f81426c2
46,91c8d2c86c541d7318aaaa0dac630243
47,1a4eeeddcf390be6d3820fde01986abf
48,2a51426b2df337ff8eae7846217ad083
49,42ac6b08b1ccf4635aa380df5b65771d
5,972316b863ee015c2b9cbfa01388476e
50,31e68d624494766df47fe5ad228c47c0
51,e3476c55351c4c4bf92e0e0078f87ab5
52,b3339e93450363e6fc61e60f5ba022bf
53,89f7ab72d9505cd2b2e068d05d00483e
54,fbc8562d1972c78d2a4081adde1ad18f
55,0ef7fce7d8ecf9eb6d38995af4aaa9a9
56,c618fa79fe421b5c054b7ded093b05be
57,d5e40a0fc67af6836d49df2eafd8e427
58,e193213aea9ed470c91eb6f01cf1cb56
59,aba305f58894101d7b7121998826c92f
6,1e3148b3814666ce2bd737cafb6dc8cd
60,712ba14a1b9a64aad0250b2142fa64e1
61,bc550c2f176367260d223bc9483c9bd5
62,5eee54d332f75df68d9c4babdb4f6b35
63,751efd615712748ea54bd36da6e521aa
64,ee0d9b18a53bbd42f02853f02981d149
65,ddce5f2111227378ad6b33a6f8b6f95c
66,7a4b7bb814dc93c18f458a91142d8cb7
67,0696ae15e8a851f5aecc1eaa9bc1d995
68,56ba2e3f1005c82006ceb94f6aa112ca
69,cfad07bb8e7684ae9a5840825541dee1
7,1dcc10935c0022c1bd9c7a3067b883c8
70,b6289bd65c6f9b3090d0e9df8edd145b
71,deadf87dba510e7ccb07158d679c3d4d
72,419dfd723edeb5e27f50aa2382f9aa86
73,6cbfee0ca526f0b53e89b9d641c07d0e
74,2f8b269818e63fa958d1c8c44f6b7a3b
75,eb13a8d2e5b5fcd067f18a6e9bca48a3
76,01672d434b48017d428ebb51143cc3d2
77,b0186e605b96ff83d4feb9cb4999d03e
78,46847a20a4f448ae87f7abe9a91aaa76
79,d1e368a7d2870eb6fbf6e0d350568a2d
8,751efd615712748ea54bd36da6e521aa
80,c284337d8d7fdd614c1cedf69e870c4c
81,c6f3870befd09aeba379738da27db208
82,6458ab3590a5e135601856d1c90ffbb1
83,9ef785cbe200bfbb897e3e9a486634f7
84,1075811bf441c22e2cced1efff68102e
85,7d2f26248082300810da1fc4392415cd
86,97e2ce2141fa1c880967d78aec3c14fa
87,686b174e58665fe35cd89c64c0607992
88,ec204116e7ce77a2e066e2d19fadcfd6
89,42a204cc057a44d2b338aff20b4ccb1f
9,d6914e61ac59e5028b590a1877fd6179
90,44897c5a186720969bbba808f17977a4
91,e9da2b953466eb3ed6dc5d89f53b826e
92,947a2a3a84358a43e1aa0409f79eface
93,419dfd723edeb5e27f50aa2382f9aa86
94,160175d19eea47b9fa992bc50408a492
95,6e8b177e2a7bf243b09087301b7b0799
96,88aeeae2b4f2e9f98922d8f0eaf35cd4
97,df634de01b921722b0c34a30a33443fe
98,6ac35fe952c608da50153d64f616291b
99,f8c2ba7889b4023e22c0df9c48c4479c
